<a target="_blank" rel="noopener" href="https://bitcoin168.lanzouk.com/iWekZ285fx4d">2024最新多案例ChatGPT从入门到精通(高清文字117页完整版).pdf</a>,AI,2024-07-05,962,限免0积分
<a target="_blank" rel="noopener" href="https://bitcoin168.lanzouk.com/i1I8927d3iba">埃隆·马斯克传 (沃尔特·艾萨克森  孙思远 刘家琦 译) 文字高清完整版.pdf</a>,励志,2024-04-03,643,限免0积分
<a target="_blank" rel="noopener" href="https://www.123865.com/s/sn80Td-h5ot">11g天涯神贴2024最新整理核心300+篇合集(去重 去水印高清 文字版，无需解压).zip 国内链接，无需翻墙</a>,天涯神贴,2024-09-22,332,限免0积分
<a target="_blank" rel="noopener" href="https://rg.to/file/b0d5e33fdb9b31fa9fc9edbb057b3abd">11g天涯神贴2024最新整理核心300+篇合集(去重 去水印高清 文字版，无需解压).zip 海外链接1， 需要翻墙下载</a>,天涯神贴,2024-04-01,949,限免0积分
<a target="_blank" rel="noopener" href="https://drive.google.com/file/d/1xnywtJpDYv622BORyovVeUeeJFW4rXcT/view?usp=sharing">11g天涯神贴2024最新整理核心300+篇合集(去重 去水印高清 文字版，无需解压).zip 海外链接2，需要翻墙下载</a>,天涯神贴,2024-05-04,630,限免0积分
<a target="_blank" rel="noopener" href="https://bitcoin168.lanzouk.com/iBT5W27d3n1a">2024年最新450个副业创业搞钱玩法合集.pdf</a>,副业,2024-04-20,311,限免0积分
<a target="_blank" rel="noopener" href="https://bitcoin168.lanzouk.com/ir2am27d3mgj">tony滚仓交易心得.pdf</a>,交易,2024-06-24,919,限免0积分
<a target="_blank" rel="noopener" href="https://bitcoin168.lanzouk.com/iTatT27d3lqd">憨巴龙王(精华总结版).pdf</a>,交易,2024-08-28,600,限免0积分
<a target="_blank" rel="noopener" href="https://bitcoin168.lanzouk.com/iwSG027d3luh">比特皇说.pdf</a>,交易,2024-06-24,271,限免0积分
<a target="_blank" rel="noopener" href="https://bitcoin168.lanzouk.com/iBKBs27d3kgh">交易员的自我修养-交易员Tony.pdf</a>,交易,2024-05-25,888,限免0积分
<a target="_blank" rel="noopener" href="https://bitcoin168.lanzouk.com/iLTIF27d3k0b">九神屯冰糖橙系列.pdf</a>,交易,2024-08-07,569,限免0积分
<a target="_blank" rel="noopener" href="https://bitcoin168.lanzouk.com/iGLPd295oy7c">ChatGPT调教全指南.pdf</a>,AI,2024-04-01,250,限免0积分
<a target="_blank" rel="noopener" href="https://www.123865.com/s/sn80Td-35ot">230+本图灵编程高清文字版无水印电子书[收集不易，请勿私传].zip</a>,IT编程,2024-06-22,867,限免0积分
<a target="_blank" rel="noopener" href="https://www.123865.com/s/sn80Td-d5ot">2024年最新103本互联网大厂程序员高清文字版无水印编程书籍打包下载.zip</a>,IT编程,2024-05-23,556,限免0积分
<a target="_blank" rel="noopener" href="https://bitcoin168.lanzoup.com/i8Yc12br3e0d">【天涯神贴】118-神话的破灭-flp713</a>,天涯神贴,2024-04-07,237,限免0积分
<a target="_blank" rel="noopener" href="https://bitcoin168.lanzoup.com/i9Xa42br3dre">【天涯神贴】120-《赌场二年》（记录赌场里真实的人和事）.pdf</a>,天涯神贴,2024-08-31,854,限免0积分
<a target="_blank" rel="noopener" href="https://bitcoin168.lanzoup.com/itwEG2br3ckb">【天涯神贴】122-大格局：未来一年与十年！-老仇乱侃.pdf</a>,天涯神贴,2024-03-27,535,限免0积分
<a target="_blank" rel="noopener" href="https://bitcoin168.lanzoup.com/isxSo2br3cbc">【天涯神贴】123-现代金融的本质以及房价-curgdbd.pdf</a>,天涯神贴,2024-03-28,216,限免0积分
<a target="_blank" rel="noopener" href="https://bitcoin168.lanzoup.com/iGViN2br39ve">【天涯神贴】123个亏钱案例（第一版）</a>,天涯神贴,2024-06-25,833,限免0积分
<a target="_blank" rel="noopener" href="https://bitcoin168.lanzoup.com/iOUsJ2br39tc">【天涯神贴】132-密道追踪（簋心风水陵里的阴兵虎符——宜昌之外鬼事.pdf</a>,天涯神贴,2024-05-13,523,限免0积分
<a target="_blank" rel="noopener" href="https://bitcoin168.lanzoup.com/i5TeC2br39jc">【天涯神贴】133-办公室实用暴力美学——用《资治通鉴》的智慧打造职场金饭碗.pdf</a>,天涯神贴,2024-06-15,204,限免0积分
<a target="_blank" rel="noopener" href="https://bitcoin168.lanzouk.com/i5P9f27d3kri"> 段永平投资问答录(投资逻辑篇).pdf</a>,投资,2024-06-28,821,限免0积分
<a target="_blank" rel="noopener" href="https://bitcoin168.lanzoup.com/i41cp2br38wj">【天涯神贴】134-来818天涯中有炒作嫌疑，至今尚未定论或者已经定论的热帖！！！！！！！！.pdf</a>,天涯神贴,2024-10-03,492,限免0积分
<a target="_blank" rel="noopener" href="https://bitcoin168.lanzoup.com/iD3I22br38pc">【天涯神贴】135-周期的尾声来袭，这是百年一遇的机会，房多、傻空、骗子也可以进来受教.pdf</a>,天涯神贴,2024-05-09,173,限免0积分
<a target="_blank" rel="noopener" href="https://bitcoin168.lanzoup.com/iNofn2br38if">【天涯神贴】136-死刑犯——死刑犯行刑前的不眠夜[已出版]_无水.pdf</a>,天涯神贴,2024-07-19,790,限免0积分
<a target="_blank" rel="noopener" href="https://bitcoin168.lanzoup.com/iTHFT2br38bi">【天涯神贴】137-《蜂麻燕雀》——你不了解的民国江湖，揭秘污脏骗.pdf</a>,天涯神贴,2024-08-28,471,限免0积分
<a target="_blank" rel="noopener" href="https://bitcoin168.lanzoup.com/iVzSs2br37ri">【天涯神贴】138-桃花读水浒：凛冬将至，暗夜无边，末世穷途，无路可逃.pdf</a>,天涯神贴,2024-07-30,152,限免0积分
<a target="_blank" rel="noopener" href="https://bitcoin168.lanzoup.com/iERU22br378j">【天涯神贴】139-三年挣850万，你也可以复制！现在新书已出版，书名《我把一切告诉你》.pdf</a>,天涯神贴,2024-04-28,777,限免0积分
<a target="_blank" rel="noopener" href="https://bitcoin168.lanzoup.com/iaAU52br35va">【天涯神贴】140-冒死记录中国神秘事件（真全本）.pdf</a>,天涯神贴,2024-04-12,458,限免0积分
<a target="_blank" rel="noopener" href="https://bitcoin168.lanzoup.com/iyhG12br35nc">【天涯神贴】141-我在考古系所看到的那些诡异事.pdf</a>,天涯神贴,2024-08-03,139,限免0积分
<a target="_blank" rel="noopener" href="https://bitcoin168.lanzoup.com/imLaB2b50ngd">2024-25互联网大厂资深自动化测试&测试开发面试精选面试题之——Jemeter:Loadrunner:Grinder性能安全测试面试题.pdf</a>,IT编程,2024-09-22,756,限免0积分
<a target="_blank" rel="noopener" href="https://bitcoin168.lanzoup.com/iOZfj2b50nob">2024-25互联网大厂资深自动化测试&测试开发面试精选面试题之——Junit:TestNg:Selenium:Appium自动化测试面试题.pdf</a>,IT编程,2024-05-16,437,限免0积分
<a target="_blank" rel="noopener" href="https://bitcoin168.lanzoup.com/iRLVY2b50nwj">2024-25互联网大厂资深自动化测试&测试开发面试精选面试题之——Python语言编程面试题.pdf</a>,IT编程,2024-10-01,118,限免0积分
<a target="_blank" rel="noopener" href="https://bitcoin168.lanzoup.com/iF2502b50o5i">2024-25互联网大厂资深自动化测试&测试开发面试精选面试题之——Testng接口测试面试题.pdf</a>,IT编程,2024-08-11,743,限免0积分
<a target="_blank" rel="noopener" href="https://bitcoin168.lanzoup.com/iXmMm2b50o9c">2024-25互联网大厂资深自动化测试&测试开发面试精选面试题之——MySQL:Mongodb数据库面试题.pdf</a>,IT编程,2024-06-14,425,限免0积分
<a target="_blank" rel="noopener" href="https://bitcoin168.lanzoup.com/iqcI02b50ogj">2024-25互联网大厂资深自动化测试&测试开发面试精选面试题之——Linux:Shell作系统面试题.pdf</a>,IT编程,2024-09-29,106,限免0积分
<a target="_blank" rel="noopener" href="https://bitcoin168.lanzoup.com/i4o8f2b50omf">2024-25互联网大厂资深自动化测试&测试开发面试精选面试题之——核心基础面试题.pdf</a>,IT编程,2024-03-27,713,限免0积分
<a target="_blank" rel="noopener" href="https://bitcoin168.lanzouk.com/i1V0w27d3mle">bit浪浪千万盈利的交易博主的交易心路汇总.pdf</a>,交易,2024-08-13,394,限免0积分
<a target="_blank" rel="noopener" href="https://bitcoin168.lanzouk.com/inY0727d8m4h">B站引流的10种方法！超级好用，学会了年入100个W根本不是难题!.pdf</a>,副业,2024-04-15,75,限免0积分
<a target="_blank" rel="noopener" href="https://bitcoin168.lanzouk.com/iQUXG27d8lzc">千货！ 图片搬运小副业思路，简单操作日入300+.pdf</a>,副业,2024-04-01,692,限免0积分
<a target="_blank" rel="noopener" href="https://bitcoin168.lanzouk.com/ie8EH27d8lxa">干货！3个月引1.2w粉，抖音小红书可复制放大玩法.pdf</a>,副业,2024-09-22,373,限免0积分
<a target="_blank" rel="noopener" href="https://bitcoin168.lanzouk.com/iku8027d8luh">(干货)小红书3大热门领域爆款创作套路.pdf</a>,副业,2024-06-15,998,限免0积分
<a target="_blank" rel="noopener" href="https://bitcoin168.lanzouk.com/iPiBe27d8ltg">(干货)抖音代打电话项目，日入五百+</a>,副业,2024-06-30,662,限免0积分
<a target="_blank" rel="noopener" href="https://bitcoin168.lanzouk.com/i5VPD27d8lqd">干货！一单 3-5 块，日赚 200 多，这副业很香！.pdf</a>,副业,2024-07-24,343,限免0积分
<a target="_blank" rel="noopener" href="https://bitcoin168.lanzouk.com/ifdFY27d8lob">(干货)日入1000+的抖音趣图表情项目【详细拆解】.pdf</a>,副业,2024-06-30,968,限免0积分
<a target="_blank" rel="noopener" href="https://bitcoin168.lanzouk.com/il7V427d8lmj">小红书如何引流？6个超级有效永不过时的流量方法.pdf</a>,副业,2024-04-11,621,限免0积分
<a target="_blank" rel="noopener" href="https://bitcoin168.lanzouk.com/ifBkt27d8lif">干货！简单操作，日赚 300 块.pdf</a>,副业,2024-09-30,302,限免0积分
<a target="_blank" rel="noopener" href="https://bitcoin168.lanzoup.com/iLC8T2br8k1a">【天涯神贴】001-【楼主版】2010年的房地产调控，我们收获了什么？写在房价暴涨前.pdf</a>,天涯神贴,2024-07-09,910,限免0积分
<a target="_blank" rel="noopener" href="https://bitcoin168.lanzoup.com/ixxMQ2br8kfe">【天涯神贴】001-【完整版】2010年的房地产调控，我们收获了什什么？写在房价暴涨前</a>,天涯神贴,2024-06-11,573,限免0积分
<a target="_blank" rel="noopener" href="https://bitcoin168.lanzoup.com/izvxV2br8jud">【天涯神贴】002-天涯神贴：一个炒房人的终极预测——调控将撤底失败.pdf</a>,天涯神贴,2024-08-21,254,限免0积分
<a target="_blank" rel="noopener" href="https://bitcoin168.lanzoup.com/iAZ1N2br8jmf">【天涯神贴】003-看图说话-从开发商的角度-闲聊神州房市走势与鬼城的产生.pdf</a>,天涯神贴,2024-06-25,879,限免0积分
<a target="_blank" rel="noopener" href="https://bitcoin168.lanzoup.com/ickXe2br8j7a">【天涯神贴】004-大鹏金翅明王合集</a>,天涯神贴,2024-05-29,560,限免0积分
<a target="_blank" rel="noopener" href="https://bitcoin168.lanzoup.com/ioYPK2br8ivi">【天涯神贴】005-北望帝都-房价长期预测专贴：十年内北京四环内的均价会达到八万.pdf</a>,天涯神贴,2024-09-28,241,限免0积分
<a target="_blank" rel="noopener" href="https://bitcoin168.lanzoup.com/iZUZU2br8hzg">【天涯神贴】006-【楼主版】中国楼市2005及2006年楼市之展望.pdf</a>,天涯神贴,2024-07-30,858,限免0积分
<a target="_blank" rel="noopener" href="https://bitcoin168.lanzoup.com/ikMPE2br8ikh">【天涯神贴】006-【完整版】中国楼市2005及2006年楼市之展望.pdf</a>,天涯神贴,2024-07-17,539,限免0积分
<a target="_blank" rel="noopener" href="https://bitcoin168.lanzoup.com/i0MF52br8hof">【天涯神贴】007-一百元人民币在泰国能做什么－感受泰国人民的生活和物价-骑白马的农民.pdf</a>,天涯神贴,2024-04-16,228,限免0积分
<a target="_blank" rel="noopener" href="https://bitcoin168.lanzoup.com/iO5yQ2br8h9a">【天涯神贴】008-【楼主版】全面阐述降低房价的四项基本原则[已扎口].pdf</a>,天涯神贴,2024-08-01,845,限免0积分
<a target="_blank" rel="noopener" href="https://bitcoin168.lanzoup.com/i3gPE2br8hja">【天涯神贴】008-【完整版】全面阐述降低房价的四项基本原则[已扎口].pdf</a>,天涯神贴,2024-09-07,526,限免0积分
<a target="_blank" rel="noopener" href="https://bitcoin168.lanzoup.com/iw2eC2br8h1c">【天涯神贴】009-2013-2017的大框架-第三元</a>,天涯神贴,2024-09-20,207,限免0积分
<a target="_blank" rel="noopener" href="https://bitcoin168.lanzoup.com/iup7o2br8gej">【天涯神贴】010-理性分析通胀与经济形势，理性预测楼市下跌时间表-海宁的马甲.pdf</a>,天涯神贴,2024-05-07,815,限免0积分
<a target="_blank" rel="noopener" href="https://bitcoin168.lanzoup.com/iwKi02br8fsh">【天涯神贴】011- 经济大周期_踩准节拍再投资（高清）--海宁.pdf</a>,天涯神贴,2024-04-23,468,限免0积分
<a target="_blank" rel="noopener" href="https://bitcoin168.lanzoup.com/i6amL2br8f7g">【天涯神贴】013-谶纬、民谣、推背图-大江宁静.pdf</a>,天涯神贴,2024-03-28,150,限免0积分
<a target="_blank" rel="noopener" href="https://bitcoin168.lanzoup.com/ihpou2br8etc">【天涯神贴】014-经济的逻辑-flp713</a>,天涯神贴,2024-09-23,767,限免0积分
<a target="_blank" rel="noopener" href="https://bitcoin168.lanzoup.com/itpLj2br8emf">【天涯神贴】016-天涯头条-你所不知道的冰冷的经济真相-flp713.pdf</a>,天涯神贴,2024-04-30,438,限免0积分
<a target="_blank" rel="noopener" href="https://bitcoin168.lanzoup.com/ihQXp2br8eha">【天涯神贴】021-因为贱-所以生活艰辛说出真相-底层会更绝望-大鹏金翅明王（楼主版）.pdf</a>,天涯神贴,2024-04-24,991,限免0积分
<a target="_blank" rel="noopener" href="https://bitcoin168.lanzoup.com/idH8L2br8ead">【天涯神贴】024-民调局异闻录-儿东水寿</a>,天涯神贴,2024-09-20,654,限免0积分
<a target="_blank" rel="noopener" href="https://bitcoin168.lanzoup.com/igFfJ2br8d2j">【天涯神贴】025-金融幻象海思编著中国发展出版社978-7-80234-459-5P328.pdf</a>,天涯神贴,2024-07-06,335,限免0积分
<a target="_blank" rel="noopener" href="https://bitcoin168.lanzoup.com/iQHkO2br7zha">【天涯神贴】029-异人启示录-佩伭</a>,天涯神贴,2024-09-12,960,限免0积分
<a target="_blank" rel="noopener" href="https://bitcoin168.lanzoup.com/iAtue2br7yre">【天涯神贴】033-用我30年的经历，为你揭开周易的神秘-四书五经丶(6).pdf</a>,天涯神贴,2024-08-16,641,限免0积分
<a target="_blank" rel="noopener" href="https://bitcoin168.lanzoup.com/iuMII2br7yhe">【天涯神贴】034-【完整版】“征税加息降房价”－－荒谬的理论、恐怖的圈套.pdf</a>,天涯神贴,2024-06-23,322,限免0积分
<a target="_blank" rel="noopener" href="https://bitcoin168.lanzoup.com/iNqlM2br7xub">【天涯神贴】035-中国人为什么一套接一套的买房子-不炒不热闹</a>,天涯神贴,2024-07-05,929,限免0积分
<a target="_blank" rel="noopener" href="https://bitcoin168.lanzoup.com/icGob2br7whc">【天涯神贴】036-周五之前应该有一次降准，最晚4月15日之前，最佳日期4月9日。-80后60岁走遍全球.pdf</a>,天涯神贴,2024-03-30,593,限免0积分
<a target="_blank" rel="noopener" href="https://bitcoin168.lanzoup.com/i6a6C2br7vuj">【天涯神贴】037-房地产暴涨的推手：调控的反市场经济学分析-.pdf</a>,天涯神贴,2024-07-02,264,限免0积分
<a target="_blank" rel="noopener" href="https://bitcoin168.lanzoup.com/i48G62br7vmb">【天涯神贴】038-[经济专栏]朴实的预言1——房价10年内都不会跌-经济分析终结者.pdf</a>,天涯神贴,2024-08-26,817,限免0积分
<a target="_blank" rel="noopener" href="https://bitcoin168.lanzoup.com/iYaOP2br7ved">【天涯神贴】039-我做了3年房地产了，我告诉你2014年房价会不会降-茶香竹韵.pdf</a>,天涯神贴,2024-09-02,261,限免0积分
<a target="_blank" rel="noopener" href="https://bitcoin168.lanzoup.com/iHEon2br7vba">【天涯神贴】040-最后的救市-换入大城市房子的最后时刻-鹏程蛇口_.pdf</a>,天涯神贴,2024-09-24,559,限免0积分
<a target="_blank" rel="noopener" href="https://bitcoin168.lanzoup.com/iUAzK2br7ugj">【天涯神贴】041-老公坚持房价会跌，我现在一看房价就满嘴吐血。-爱死小肥羊.pdf</a>,天涯神贴,2024-09-17,103,限免0积分
<a target="_blank" rel="noopener" href="https://bitcoin168.lanzoup.com/iQoxv2br7ube">【天涯神贴】042-今年，我什么都不再预测。这只是本人去年的长贴。准确率仅也就100。-exposurejingdong.pdf</a>,天涯神贴,2024-03-24,728,限免0积分
<a target="_blank" rel="noopener" href="https://bitcoin168.lanzoup.com/iEZjO2br7u0d">【天涯神贴】043-大神预言神准-大文豪曼因斯坦.pdf</a>,天涯神贴,2024-08-15,392,限免0积分
<a target="_blank" rel="noopener" href="https://bitcoin168.lanzoup.com/iu2Ms2br7tzc">【天涯神贴】044-北京十年房子故事-看西山的子房.pdf</a>,天涯神贴,2024-06-01,862,限免0积分
<a target="_blank" rel="noopener" href="https://bitcoin168.lanzoup.com/i9mVD2br7tre">【天涯神贴】045-理性分析今后几年房价的走势-光脚穿草鞋.pdf</a>,天涯神贴,2024-09-19,461,限免0积分
<a target="_blank" rel="noopener" href="https://bitcoin168.lanzoup.com/ihaR72br7t5c">【天涯神贴】046-现在房产投资绝对是个技术活-海男的故事.pdf</a>,天涯神贴,2024-06-03,941,限免0积分
<a target="_blank" rel="noopener" href="https://bitcoin168.lanzoup.com/ieTQD2br7ssj">【天涯神贴】048-中国的房价将在不断上涨中完成腰斩-小恶魔兰尼特斯.pdf</a>,天涯神贴,2024-08-19,540,限免0积分
<a target="_blank" rel="noopener" href="https://bitcoin168.lanzoup.com/iwGj02br7skb">【天涯神贴】049-我是一个DNA鉴定师，八一八我遇到的那些人那些事-小鉴定师大宝.pdf</a>,天涯神贴,2024-03-25,184,限免0积分
<a target="_blank" rel="noopener" href="https://bitcoin168.lanzoup.com/i1G2R2br7rrc">【天涯神贴】050-看一个穷人怎样拥有多套房产的？－财富可以这样成长。-晋朝人.pdf</a>,天涯神贴,2024-08-07,728,限免0积分
<a target="_blank" rel="noopener" href="https://bitcoin168.lanzoup.com/iY6hu2br7rkf">【天涯神贴】051-野牛杂谈-野牛先生</a>,天涯神贴,2024-09-24,409,限免0积分
<a target="_blank" rel="noopener" href="https://bitcoin168.lanzoup.com/izyY72br6hla">【天涯神贴】052-对当前房地产形势的判断和对一些现象的解释-loujinjing</a>,天涯神贴,2024-05-08,81,限免0积分
<a target="_blank" rel="noopener" href="https://bitcoin168.lanzoup.com/io4Ho2br6gyh">【天涯神贴】053-互联网裁员大潮将起：离开的不只是马云-可能还有你.pdf</a>,天涯神贴,2024-08-16,698,限免0积分
<a target="_blank" rel="noopener" href="https://bitcoin168.lanzoup.com/iSeDQ2br6gtc">【天涯神贴】055-2018年底-2022年十大经济预言-江南季子2016</a>,天涯神贴,2024-03-30,369,限免0积分
<a target="_blank" rel="noopener" href="https://bitcoin168.lanzoup.com/iMcU92br6goh">【天涯神贴】055-中国会跟随美联储加息吗？</a>,天涯神贴,2024-09-07,959,限免0积分
<a target="_blank" rel="noopener" href="https://bitcoin168.lanzoup.com/iETJW2br6ggj">【天涯神贴】057-凛冬将至-大江宁静</a>,天涯神贴,2024-08-04,640,限免0积分
<a target="_blank" rel="noopener" href="https://bitcoin168.lanzoup.com/iDF4x2br6g1e">【天涯神贴】058-纯预测贴，向底层的劳苦大众们献礼-系统方法论.pdf</a>,天涯神贴,2024-10-11,321,限免0积分
<a target="_blank" rel="noopener" href="https://bitcoin168.lanzoup.com/i7ch82br6fjg">【天涯神贴】059-聊一聊中国房地产！-恶趣味之奴.pdf</a>,天涯神贴,2024-04-19,928,限免0积分
<a target="_blank" rel="noopener" href="https://bitcoin168.lanzoup.com/i93nw2br6f6d">【天涯神贴】060-资产价格极度扭曲，金融市场必有大事发生！-邹艺湘 .pdf</a>,天涯神贴,2024-05-24,582,限免0积分
<a target="_blank" rel="noopener" href="https://bitcoin168.lanzoup.com/iAo682br6epg">【天涯神贴】062-全球经济大循环下的中国房地产-winnerby.pdf</a>,天涯神贴,2024-06-08,263,限免0积分
<a target="_blank" rel="noopener" href="https://bitcoin168.lanzoup.com/iUP5G2br6e2d">【天涯神贴】063-2016，2017才是G点，崩溃论者耐心点。-疑议.pdf</a>,天涯神贴,2024-04-18,888,限免0积分
<a target="_blank" rel="noopener" href="https://bitcoin168.lanzoup.com/idBrp2br6dpa">【天涯神贴】066-如是我观（关注探讨的一些话题）-北京毛毛.pdf</a>,天涯神贴,2024-07-31,569,限免0积分
<a target="_blank" rel="noopener" href="https://bitcoin168.lanzoup.com/ih5Y32br6dbg">【天涯神贴】067-形势分析2018-将进雪</a>,天涯神贴,2024-05-18,250,限免0积分
<a target="_blank" rel="noopener" href="https://bitcoin168.lanzoup.com/izw3C2br6cla">【天涯神贴】068-从共和国建国后的战争看透今天的大国博弈！-关外李员外.pdf</a>,天涯神贴,2024-07-21,867,限免0积分
<a target="_blank" rel="noopener" href="https://bitcoin168.lanzoup.com/iKRlz2br6bha">【天涯神贴】069-理性探讨楼市趋势，以政策为依据，以数据为论据，以事实为佐证，不多不空-熊鞍.pdf</a>,天涯神贴,2024-05-29,539,限免0积分
<a target="_blank" rel="noopener" href="https://bitcoin168.lanzoup.com/iToT52br691c">【天涯神贴】071-商业筹码狙击战：中国商企密谋与诡道竞争独家首发-xiaozhu909.pdf</a>,天涯神贴,2024-06-24,220,限免0积分
<a target="_blank" rel="noopener" href="https://bitcoin168.lanzoup.com/iYd8M2br68af">【天涯神贴】072-大江论经济-大江宁静</a>,天涯神贴,2024-10-09,837,限免0积分
<a target="_blank" rel="noopener" href="https://bitcoin168.lanzoup.com/i6UcA2br5lbi">【天涯神贴】073-2019趋势预测及机会分析-老江南.pdf</a>,天涯神贴,2024-08-21,518,限免0积分
<a target="_blank" rel="noopener" href="https://bitcoin168.lanzoup.com/iFJn02br5l7e">【天涯神贴】074-【天涯头条】沉浮房产十余载，谈房市心得.pdf</a>,天涯神贴,2024-08-03,179,限免0积分
<a target="_blank" rel="noopener" href="https://bitcoin168.lanzoup.com/iWI4u2br5ksj">【天涯神贴】076-蒋介石为什么失掉大陆：1945——1949-flp713.pdf</a>,天涯神贴,2024-04-22,779,限免0积分
<a target="_blank" rel="noopener" href="https://bitcoin168.lanzoup.com/iOxdd2br5k1c">【天涯神贴】077-两次杠杆做到5000万股灾被强平的投机之路-南侠1987.pdf</a>,天涯神贴,2024-08-02,460,限免0积分
<a target="_blank" rel="noopener" href="https://bitcoin168.lanzoup.com/ilnTl2br5jje">【天涯神贴】078-大江宁静，小小茶馆-大江宁静 .pdf</a>,天涯神贴,2024-08-03,149,限免0积分
<a target="_blank" rel="noopener" href="https://bitcoin168.lanzoup.com/iXMcb2br5hoh">【天涯神贴】079-改过命的玄教弟子帮你断别你的网名吉凶-大雨小水.pdf</a>,天涯神贴,2024-06-09,766,限免0积分
<a target="_blank" rel="noopener" href="https://bitcoin168.lanzoup.com/iGNt02br5hbe">【天涯神贴】080-房奴十年（每日更新，直至房贷结束）-房奴十年.pdf</a>,天涯神贴,2024-09-20,447,限免0积分
<a target="_blank" rel="noopener" href="https://bitcoin168.lanzoup.com/igxKt2br5h3g">【天涯神贴】081-《内参记者》一名“非传统”记者颠覆三观的采访实录-有骨难画.pdf</a>,天涯神贴,2024-06-04,91,限免0积分
<a target="_blank" rel="noopener" href="https://bitcoin168.lanzoup.com/iXpCU2br5gwj">【天涯神贴】082-从身边最简单的经济现象判断房价走势-招招是道.pdf</a>,天涯神贴,2024-05-15,708,限免0积分
<a target="_blank" rel="noopener" href="https://bitcoin168.lanzoup.com/iB92U2br5gna">【天涯神贴】083-这次不一样，炒房者必须马上抛售！不计代价！-胜友如云_1980.pdf</a>,天涯神贴,2024-06-24,371,限免0积分
<a target="_blank" rel="noopener" href="https://bitcoin168.lanzoup.com/ibKuJ2br5ghe">【天涯神贴】084-财经时事 各抒己见-yyttff1981</a>,天涯神贴,2024-06-04,996,限免0积分
<a target="_blank" rel="noopener" href="https://bitcoin168.lanzoup.com/iWBVs2br5fne">【天涯神贴】086-2018-2019，实现个人财富飞跃的重要关口.pdf</a>,天涯神贴,2024-04-13,650,限免0积分
<a target="_blank" rel="noopener" href="https://bitcoin168.lanzoup.com/igUaz2br5fcd">【天涯神贴】087-咀嚼人民币：品尝亦升值亦贬值的中国味道！-辉煌的泡沫.pdf</a>,天涯神贴,2024-09-06,286,限免0积分
<a target="_blank" rel="noopener" href="https://bitcoin168.lanzoup.com/iTpkz2br5ebg">【天涯神贴】088-限购下卖房买房，我被中介撞了一下腰-dindindanglaile.pdf</a>,天涯神贴,2024-09-21,911,限免0积分
<a target="_blank" rel="noopener" href="https://bitcoin168.lanzoup.com/iEale2br5dze">【天涯神贴】089-继2016年初20个帖子呼吁买房正当时后，今天我再次警告，现在不买房三年又白忙！-老农去哪了.pdf</a>,天涯神贴,2024-07-26,592,限免0积分
<a target="_blank" rel="noopener" href="https://bitcoin168.lanzoup.com/ipqw52br41sj">【天涯神贴】090-清晰的画面（全新版）-waxz1314.pdf</a>,天涯神贴,2024-05-25,255,限免0积分
<a target="_blank" rel="noopener" href="https://bitcoin168.lanzoup.com/iVYJc2br40sd">【天涯神贴】091-解构地产经济-财富中国Z</a>,天涯神贴,2024-05-03,880,限免0积分
<a target="_blank" rel="noopener" href="https://bitcoin168.lanzoup.com/iLvR12br407c">【天涯神贴】093-聊聊中国社会现状-大江宁静</a>,天涯神贴,2024-05-08,561,限免0积分
<a target="_blank" rel="noopener" href="https://bitcoin168.lanzoup.com/iwemt2br3zod">【天涯神贴】095-解密社会中升官发财的经济学规律-屠龙有术.pdf</a>,天涯神贴,2024-07-09,242,限免0积分
<a target="_blank" rel="noopener" href="https://bitcoin168.lanzoup.com/ilwUn2br3ywf">【天涯神贴】096-商业筹码狙击战：中国商企密谋与诡道竞争(独家首发)-xiaozhu909.pdf</a>,天涯神贴,2024-07-26,860,限免0积分
<a target="_blank" rel="noopener" href="https://bitcoin168.lanzoup.com/inrZo2br3ymf">【天涯神贴】097-揭秘玄学各大预测术根源之——真传一句话，假传万卷书-乾鹿丰.pdf</a>,天涯神贴,2024-07-21,531,限免0积分
<a target="_blank" rel="noopener" href="https://bitcoin168.lanzoup.com/iRaa92br3ygj">【天涯神贴】098-参考消息-时隔多年，说几个观点.pdf</a>,天涯神贴,2024-10-11,212,限免0积分
<a target="_blank" rel="noopener" href="https://bitcoin168.lanzoup.com/iA2cK2br3xzc">【天涯神贴】099-未来5-10年，一线城市的房租将涨到你怀疑人生！-不炒不热闹</a>,天涯神贴,2024-05-16,829,限免0积分
<a target="_blank" rel="noopener" href="https://bitcoin168.lanzoup.com/iYOPF2br3xli">【天涯神贴】101-未来世界政治经济科技趋势权力交替的幕后秘密-无水印.pd</a>,天涯神贴,2024-10-05,510,限免0积分
<a target="_blank" rel="noopener" href="https://bitcoin168.lanzoup.com/i2rye2br3w3e">【天涯神贴】102-没有永远的造富奇迹</a>,天涯神贴,2024-03-27,199,限免0积分
<a target="_blank" rel="noopener" href="https://bitcoin168.lanzoup.com/ikTAG2br3x4b">【天涯神贴】102-戏说牛市合适崩盘</a>,天涯神贴,2024-06-17,816,限免0积分
<a target="_blank" rel="noopener" href="https://bitcoin168.lanzoup.com/iA7R42br3vrc">【天涯神贴】105-浩瀚的大洋是赌场-俞天任</a>,天涯神贴,2024-10-03,479,限免0积分
<a target="_blank" rel="noopener" href="https://bitcoin168.lanzoup.com/i1aCb2br3ijg">【天涯神贴】105-现在房产投资绝对是个技术活-海男的故事.pdf</a>,天涯神贴,2024-04-24,168,限免0积分
<a target="_blank" rel="noopener" href="https://bitcoin168.lanzoup.com/ijkO72br3i2j">【天涯神贴】106-KK预测</a>,天涯神贴,2024-07-01,786,限免0积分
<a target="_blank" rel="noopener" href="https://bitcoin168.lanzoup.com/iROMh2br3hqh">【天涯神贴】108-写在2019年房价大幅上涨之前！-笑沧海-无水印</a>,天涯神贴,2024-09-14,467,限免0积分
<a target="_blank" rel="noopener" href="https://bitcoin168.lanzoup.com/i4Gqz2br3hij">【天涯神贴】110-我家做殡葬行业的，见谁都得先说句升官发财.pdf</a>,天涯神贴,2024-07-01,138,限免0积分
<a target="_blank" rel="noopener" href="https://bitcoin168.lanzoup.com/iKOUt2br3gte">【天涯神贴】111-巍巍大汉：英雄的时代-上医治国1984_.pdf</a>,天涯神贴,2024-09-27,755,限免0积分
<a target="_blank" rel="noopener" href="https://bitcoin168.lanzoup.com/iKCvz2br3gbg">【天涯神贴】112-《盛世狂歌》：文字版大明清明上河图，盛世江湖中的刀剑杀伐！-合欢教主.pdf</a>,天涯神贴,2024-05-28,418,限免0积分
<a target="_blank" rel="noopener" href="https://bitcoin168.lanzoup.com/i2QMq2br3fpe">【天涯神贴】113-暗海沉沙</a>,天涯神贴,2024-08-08,107,限免0积分
<a target="_blank" rel="noopener" href="https://bitcoin168.lanzoup.com/iMLQ02br3fkj">【天涯神贴】114-放眼20232024，慢慢写我的见闻.pdf</a>,天涯神贴,2024-09-08,707,限免0积分
<a target="_blank" rel="noopener" href="https://bitcoin168.lanzoup.com/iH8mW2br3f5e">【天涯神贴】116-【天涯头条】回首细数旧中国.pdf</a>,天涯神贴,2024-07-26,251,限免0积分
<a target="_blank" rel="noopener" href="https://bitcoin168.lanzoup.com/iAugB2br3eeh">【天涯神贴】117-李幺傻江湖故事之《戚绝书》（那些湮没在岁月深处的江湖往事）-我是骗子他祖宗.pdf</a>,天涯神贴,2024-07-20,786,限免0积分
<a target="_blank" rel="noopener" href="https://bitcoin168.lanzoup.com/i2Z5Y2br30la">【天涯神贴】142-《采药师》-上医医国，中医医人，下医医病，弘扬传统文化，提升素质教育.pdf</a>,天涯神贴,2024-08-19,248,限免0积分
<a target="_blank" rel="noopener" href="https://bitcoin168.lanzoup.com/iYdR92br30fe">【天涯神贴】143-寻找朝阳行业，为下一个五年、十年做储备.pdf</a>,天涯神贴,2024-08-18,673,限免0积分
<a target="_blank" rel="noopener" href="https://bitcoin168.lanzoup.com/iIdNs2br307g">【天涯神贴】144-目睹殡仪馆之奇闻怪事</a>,天涯神贴,2024-05-06,335,限免0积分
<a target="_blank" rel="noopener" href="https://bitcoin168.lanzoup.com/i5OhW2br2zng">【天涯神贴】146-宜昌鬼事 （三峡地区巫鬼轶事记录整理）.pdf</a>,天涯神贴,2024-09-05,870,限免0积分
<a target="_blank" rel="noopener" href="https://bitcoin168.lanzoup.com/i0wS82br2ycj">【天涯神贴】147-浅释时事，偶读新闻</a>,天涯神贴,2024-08-31,523,限免0积分
<a target="_blank" rel="noopener" href="https://bitcoin168.lanzoup.com/iUqh42br2y9g">【天涯神贴】148-《重世之门》——大学生易凡在上古蛮荒神话中的离奇遭遇.pdf</a>,天涯神贴,2024-03-21,204,限免0积分
<a target="_blank" rel="noopener" href="https://bitcoin168.lanzoup.com/ihGoI2br2y4b">【天涯神贴】149-铁血雄兵川军团</a>,天涯神贴,2024-04-05,794,限免0积分
<a target="_blank" rel="noopener" href="https://bitcoin168.lanzoup.com/iY6sy2br2xvc">【天涯神贴】150-2019年汇率破7的可能性99</a>,天涯神贴,2024-03-27,465,限免0积分
<a target="_blank" rel="noopener" href="https://bitcoin168.lanzoup.com/i0eg62br2xne">【天涯神贴】151-每夜一个鬼故事(连续更新)不好看你砸我.pdf</a>,天涯神贴,2024-06-28,129,限免0积分
<a target="_blank" rel="noopener" href="https://bitcoin168.lanzoup.com/iQe4N2br2xbc">【天涯神贴】152-社会不教，精英不讲，坎儿还得自己过（揭秘人才成成长规律）</a>,天涯神贴,2024-09-28,726,限免0积分
<a target="_blank" rel="noopener" href="https://bitcoin168.lanzoup.com/iIHxm2br2wwh">【天涯神贴】153-三十三岁，16年股龄，记录自己的心情.pdf</a>,天涯神贴,2024-06-17,390,限免0积分
<a target="_blank" rel="noopener" href="https://bitcoin168.lanzoup.com/iniHK2br2wdi">【天涯神贴】154-沙梨熊全集</a>,天涯神贴,2024-07-17,925,限免0积分
<a target="_blank" rel="noopener" href="https://bitcoin168.lanzoup.com/izLa72br2w1g">【天涯神贴】155-〖天涯头条〗天津刑警奇闻录.pdf</a>,天涯神贴,2024-08-10,377,限免0积分
<a target="_blank" rel="noopener" href="https://bitcoin168.lanzoup.com/iBqGZ2br2vpe">【天涯神贴】156-〖天涯头条〗 惊天骗局（一位在职高级招商主管的自白）.pdf</a>,天涯神贴,2024-07-14,921,限免0积分
<a target="_blank" rel="noopener" href="https://bitcoin168.lanzoup.com/iBccg2br2vhg">【天涯神贴】157-“苦望”愿您能被这故事感动.pdf</a>,天涯神贴,2024-08-08,610,限免0积分
<a target="_blank" rel="noopener" href="https://bitcoin168.lanzoup.com/iBga72br2v9i">【天涯神贴】158-关于时代发展中的几个基本问题_.pdf</a>,天涯神贴,2024-07-13,291,限免0积分
<a target="_blank" rel="noopener" href="https://bitcoin168.lanzoup.com/i9H3X2br2skb">【天涯神贴】159-英雄末路：历史上那些大人物之死.pdf</a>,天涯神贴,2024-09-02,908,限免0积分
<a target="_blank" rel="noopener" href="https://bitcoin168.lanzoup.com/inT6c2br2sfg">【天涯神贴】161-南韩往事——华人黑帮回忆录.pdf</a>,天涯神贴,2024-07-05,580,限免0积分
<a target="_blank" rel="noopener" href="https://bitcoin168.lanzoup.com/icGER2br2s6h">【天涯神贴】162-雨夜谈经</a>,天涯神贴,2024-05-27,261,限免0积分
<a target="_blank" rel="noopener" href="https://bitcoin168.lanzoup.com/iWl0y2br2s1c">【天涯神贴】163-阴阳眼（1976年江汉轶事）</a>,天涯神贴,2024-09-19,878,限免0积分
<a target="_blank" rel="noopener" href="https://bitcoin168.lanzoup.com/ic6fl2br2rje">【天涯神贴】164-所有跌入中等收入陷阱的国家都源自持续性的贬值本币！</a>,天涯神贴,2024-06-22,559,限免0积分
<a target="_blank" rel="noopener" href="https://bitcoin168.lanzoup.com/iXLLH2br2rej">【天涯神贴】165-拨开迷雾看未来</a>,天涯神贴,2024-08-27,240,限免0积分
<a target="_blank" rel="noopener" href="https://bitcoin168.lanzoup.com/i3W1H2br2raf">【天涯神贴】166-历史并未终结——在新加坡漫谈中国崛起.pdf</a>,天涯神贴,2024-07-27,847,限免0积分
<a target="_blank" rel="noopener" href="https://bitcoin168.lanzoup.com/iHAd32br2qxc">【天涯神贴】167-经济模式和社会根源随想</a>,天涯神贴,2024-10-09,528,限免0积分
<a target="_blank" rel="noopener" href="https://bitcoin168.lanzoup.com/iQmDY2br2quj">【天涯神贴】168-大家都说说小时候的很奇怪的记忆和遇到的很奇怪的东西.pdf</a>,天涯神贴,2024-04-17,209,限免0积分
<a target="_blank" rel="noopener" href="https://bitcoin168.lanzoup.com/iZOVe2br2q3c">【天涯神贴】169-黄金价格这么个玩法，意味着国际性大通胀时代的降临.pdf</a>,天涯神贴,2024-09-30,835,限免0积分
<a target="_blank" rel="noopener" href="https://bitcoin168.lanzoup.com/iDUP52br2q0j">【天涯神贴】170-《覆帝记》鲜于冶銋原创长篇：天下巨变时，那些人经历的波澜诡谲事.pdf</a>,天涯神贴,2024-06-18,488,限免0积分
<a target="_blank" rel="noopener" href="https://bitcoin168.lanzoup.com/isXBC2br2ple">【天涯神贴】172-阴阳眼（1976年江汉轶事）</a>,天涯神贴,2024-07-16,142,限免0积分
<a target="_blank" rel="noopener" href="https://bitcoin168.lanzoup.com/iscCm2br2nub">【天涯神贴】173-被抑制的通胀能捂多久</a>,天涯神贴,2024-03-22,759,限免0积分
<a target="_blank" rel="noopener" href="https://bitcoin168.lanzoup.com/inSlC2br2nof">【天涯神贴】174-货币政策开始加码</a>,天涯神贴,2024-04-02,440,限免0积分
<a target="_blank" rel="noopener" href="https://bitcoin168.lanzoup.com/ipKfv2br2nja">【天涯神贴】175-〖天涯头条〗剖析国有银行基层经营，管窥中国金融乱象.pdf</a>,天涯神贴,2024-08-09,993,限免0积分
<a target="_blank" rel="noopener" href="https://bitcoin168.lanzoup.com/iyMqj2br2n8j">【天涯神贴】176-百年未有之大变局，世界将走向何方？.pdf</a>,天涯神贴,2024-08-26,674,限免0积分
<a target="_blank" rel="noopener" href="https://bitcoin168.lanzoup.com/ihaC92br2n2d">【天涯神贴】177-债务转移到全民的进程已基本完成.多快好省的进入收尾阶段.pdf</a>,天涯神贴,2024-08-13,345,限免0积分
<a target="_blank" rel="noopener" href="https://bitcoin168.lanzoup.com/iP15F2br2muf">【天涯神贴】178-〖天涯头条〗 记生意场上接触过的有能力的女人们.pdf</a>,天涯神贴,2024-04-11,962,限免0积分
<a target="_blank" rel="noopener" href="https://bitcoin168.lanzoup.com/iHRNO2br2mpa">【天涯神贴】179-形势转变中，未来哪些行业有前景.pdf</a>,天涯神贴,2024-06-27,643,限免0积分
<a target="_blank" rel="noopener" href="https://bitcoin168.lanzoup.com/ig2AZ2br2mje">【天涯神贴】180-一个潜水多年的体制内的生意人来实际谈谈老百姓该怎么办？.pdf</a>,天涯神贴,2024-05-08,324,限免0积分
<a target="_blank" rel="noopener" href="https://bitcoin168.lanzoup.com/iVDk92br2mfa">【天涯神贴】181-一个十年检察官所经历的无数奇葩案件.pdf</a>,天涯神贴,2024-08-10,941,限免0积分
<a target="_blank" rel="noopener" href="https://bitcoin168.lanzoup.com/iAMHp2br2lze">【天涯神贴】183-《冷案重启》：扒一扒那些悬而未决的陈年旧案.pdf</a>,天涯神贴,2024-04-04,612,限免0积分
<a target="_blank" rel="noopener" href="https://bitcoin168.lanzoup.com/iVoyE2br2lnc">【天涯神贴】184-人，应该怎么活？应该怎么赚钱？.pdf</a>,天涯神贴,2024-09-06,293,限免0积分
<a target="_blank" rel="noopener" href="https://bitcoin168.lanzoup.com/iUIep2br2lla">【天涯神贴】185-2018年经济数据解读</a>,天涯神贴,2024-04-11,911,限免0积分
<a target="_blank" rel="noopener" href="https://bitcoin168.lanzoup.com/iXQew2br2laj">【天涯神贴】186-《慧商学院》，一部小说，通俗易懂讲解营销体系，喜欢学习请打开.pdf</a>,天涯神贴,2024-08-06,600,限免0积分
<a target="_blank" rel="noopener" href="https://bitcoin168.lanzoup.com/iB5Rl2br2l1a">【天涯神贴】187-请块所谓的“开光”玉，不如养活的灵宠！.pdf</a>,天涯神贴,2024-06-11,281,限免0积分
<a target="_blank" rel="noopener" href="https://bitcoin168.lanzoup.com/iFJcQ2br2kng">【天涯神贴】188-听雷[我在091气象所工作的那段岁月].pdf</a>,天涯神贴,2024-09-04,870,限免0积分
<a target="_blank" rel="noopener" href="https://bitcoin168.lanzoup.com/isCNY2br2jtg">【天涯神贴】189-胡言乱语之虚空秘事</a>,天涯神贴,2024-07-06,514,限免0积分
<a target="_blank" rel="noopener" href="https://bitcoin168.lanzoup.com/ibF7R2br2iyf">【天涯神贴】190-宝钗比黛玉大八岁！重解红楼全部诗词！血泪文字逐段解释！所有谜团完整公开！.pdf</a>,天涯神贴,2024-05-02,195,限免0积分
<a target="_blank" rel="noopener" href="https://bitcoin168.lanzoup.com/i40lt2br2g9i">【天涯神贴】192-戏说三界之事瞎谈神鬼无常-脚踏阴阳 - 副本</a>,天涯神贴,2024-05-05,812,限免0积分
<a target="_blank" rel="noopener" href="https://bitcoin168.lanzoup.com/inBCi2br2g4d">【天涯神贴】193-生在南北朝你就死定了_浮生若梦87 - 副本.pdf</a>,天涯神贴,2024-09-24,493,限免0积分
<a target="_blank" rel="noopener" href="https://bitcoin168.lanzoup.com/iEYMA2br2g1a">【天涯神贴】195-2020年，经济小酒醉一醉（重发版）.pdf</a>,天涯神贴,2024-08-03,174,限免0积分
<a target="_blank" rel="noopener" href="https://bitcoin168.lanzoup.com/iMpr12br2fsb">【天涯神贴】196-整个全球经济的怪现象</a>,天涯神贴,2024-06-06,782,限免0积分
<a target="_blank" rel="noopener" href="https://bitcoin168.lanzoup.com/iPECs2br2fqj">【天涯神贴】197-论房产的获得与坚守</a>,天涯神贴,2024-08-14,463,限免0积分
<a target="_blank" rel="noopener" href="https://bitcoin168.lanzoup.com/ihvOt2br0a6h">【天涯神贴】其他神贴-中国有没有调查异事件的官方机构.pdf</a>,天涯神贴,2024-07-20,144,限免0积分
<a target="_blank" rel="noopener" href="https://bitcoin168.lanzoup.com/irHsb2br03va">【天涯神贴】其他神贴-周期的尾声来袭，这是百年一遇的机会，房多、傻空、骗子也可以进来受教.pdf</a>,天涯神贴,2024-04-17,769,限免0积分
<a target="_blank" rel="noopener" href="https://bitcoin168.lanzoup.com/iBeM02br8kmb">【天涯神贴】一个97年中专生的逆袭之路 - tony_z.pdf</a>,天涯神贴,2024-07-16,450,限免0积分
<a target="_blank" rel="noopener" href="https://bitcoin168.lanzouk.com/igEj327d8leb">做自媒体通过抄书月入2.7W+，这钱到底怎么挣的？结果远远不止这么点收益.pdf </a>,副业,2024-05-09,131,限免0积分
<a target="_blank" rel="noopener" href="https://bitcoin168.lanzouk.com/imFzc27d8l9g">(干货)百家号视频发布(赚钱)攻略，以月赚2500元左右.pdf </a>,副业,2024-06-28,748,限免0积分
<a target="_blank" rel="noopener" href="https://bitcoin168.lanzouk.com/iRw7W27d8l6d">(干货)相亲项目，怎么在soul上日引100+同城粉.pdf</a>,副业,2024-08-26,237,限免0积分
<a target="_blank" rel="noopener" href="https://bitcoin168.lanzouk.com/ip8pA27d8l3a">超级笨的百度引流方法，一天1000+精准粉.pdf</a>,副业,2024-06-01,626,限免0积分
<a target="_blank" rel="noopener" href="https://bitcoin168.lanzouk.com/iU46i27d8l0h">分享适合小白的互联网创业项目.pdf</a>,副业,2024-05-22,933,限免0积分
<a target="_blank" rel="noopener" href="https://bitcoin168.lanzouk.com/ibmqK27d8kwd">(干货)一个可以让公众号涨粉10000+的套路，简单拆解一下!.pdf</a>,副业,2024-09-03,413,限免0积分
<a target="_blank" rel="noopener" href="https://bitcoin168.lanzouk.com/iqFGi27d8kvc">公众号矩阵赚钱，单账号每月收益3000+.pdf</a>,副业,2024-07-30,739,限免0积分
<a target="_blank" rel="noopener" href="https://bitcoin168.lanzouk.com/iek0a27d8kri">干货！涉外相亲项目的另类必赚玩法!.pdf</a>,副业,2024-07-17,420,限免0积分
<a target="_blank" rel="noopener" href="https://bitcoin168.lanzouk.com/izedN27d8kpg">干货！网盘拉新项目的变现玩法解析!一个视频变现了3000+.pdf</a>,副业,2024-08-07,109,限免0积分
<a target="_blank" rel="noopener" href="https://bitcoin168.lanzouk.com/iLeUd27d8kof">干货！一个简单有创意的副业小项目.pdf</a>,副业,2024-10-09,726,限免0积分
<a target="_blank" rel="noopener" href="https://bitcoin168.lanzouk.com/iQq5027d8kmd">千货！发现一个冷门赚钱玩法，月入2.6w，音乐推广项目了解下</a>,副业,2024-05-24,407,限免0积分
<a target="_blank" rel="noopener" href="https://bitcoin168.lanzouk.com/iF1fP27d8kkb">干货！迅雷网盘拉新，短视频变现玩法.pdf</a>,副业,2024-06-08,88,限免0积分
<a target="_blank" rel="noopener" href="https://bitcoin168.lanzouk.com/iuy6g27d8khi">(干货)给大学实习生盖章，月入几十万.pdf</a>,副业,2024-04-04,677,限免0积分
<a target="_blank" rel="noopener" href="https://bitcoin168.lanzouk.com/iGuII27d8kfg">(干货)零食带货实操玩法看完你也能学会.pdf</a>,副业,2024-06-12,366,限免0积分
<a target="_blank" rel="noopener" href="https://bitcoin168.lanzouk.com/ixoe627d8kcd">(干货)国外信息差赚美元项目，一笔利润10-30美元.pdf</a>,副业,2024-03-23,984,限免0积分
<a target="_blank" rel="noopener" href="https://bitcoin168.lanzouk.com/iVV5E27d8k8j">(干货)大学生兼职群项目，新手也能日入1000+.pdf</a>,副业,2024-04-18,665,限免0积分
<a target="_blank" rel="noopener" href="https://bitcoin168.lanzouk.com/ifItH27d8k6h">(干货)盘点五大赚钱副业的那些“野路子”.pdf</a>,副业,2024-08-14,336,限免0积分
<a target="_blank" rel="noopener" href="https://bitcoin168.lanzouk.com/iquCK27d8k4f">(干货)一个短平快的短视频玩法，钱途无量.pdf</a>,副业,2024-04-06,935,限免0积分
<a target="_blank" rel="noopener" href="https://bitcoin168.lanzouk.com/iMkqm27d8k2d">(干货)分享一个副业卖虚拟资料，月入过万.pdf</a>,副业,2024-10-07,616,限免0积分
<a target="_blank" rel="noopener" href="https://bitcoin168.lanzouk.com/iegN027d8jxi">(干货)新上线的红利期项目：早入局早赚钱.pdf</a>,副业,2024-06-22,305,限免0积分
<a target="_blank" rel="noopener" href="https://bitcoin168.lanzouk.com/ipx2y27d8jvg">(干货)日入数千的淘宝会员制虚拟项目玩法.pdf</a>,副业,2024-08-24,922,限免0积分
<a target="_blank" rel="noopener" href="https://bitcoin168.lanzoup.com/ieugO2br27xi">【天涯神贴】208-虚拟货币的秘密，兼谈比特币的未来和各国的战略布局</a>,天涯神贴,2024-04-15,576,限免0积分
<a target="_blank" rel="noopener" href="https://bitcoin168.lanzoup.com/ibE1I2br276b">【天涯神贴】209-把握经济大势和个人财运必须读懂钱.pdf</a>,天涯神贴,2024-07-15,220,限免0积分
<a target="_blank" rel="noopener" href="https://bitcoin168.lanzoup.com/iP9Ar2br248f">【天涯神贴】210-长篇小说《烟云》_赵明</a>,天涯神贴,2024-04-19,819,限免0积分
<a target="_blank" rel="noopener" href="https://bitcoin168.lanzoup.com/iUQD32br23md">【天涯神贴】其他神贴--小张和小丽三部曲</a>,天涯神贴,2024-06-25,500,限免0积分
<a target="_blank" rel="noopener" href="https://bitcoin168.lanzoup.com/i9wKa2br232d">【天涯神贴】其他神贴-05年的周公子大战易烨卿.pdf</a>,天涯神贴,2024-09-07,189,限免0积分
<a target="_blank" rel="noopener" href="https://bitcoin168.lanzoup.com/iEnSa2br22oj">【天涯神贴】其他神贴-kk大神三部曲所有内容合集（506页）.pdf</a>,天涯神贴,2024-04-09,807,限免0积分
<a target="_blank" rel="noopener" href="https://bitcoin168.lanzoup.com/iz9Jc2br1ymd">【天涯神贴】其他神贴-《十宗罪5》-中国十大恐怖凶杀案--蜘蛛.pdf</a>,天涯神贴,2024-10-02,488,限免0积分
<a target="_blank" rel="noopener" href="https://bitcoin168.lanzoup.com/iFmQ62br0ade">【天涯神贴】其他神贴-《心理大师》：我是心理医生，818最近的变态病人-沈非.pdf</a>,天涯神贴,2024-08-13,169,限免0积分
<a target="_blank" rel="noopener" href="https://bitcoin168.lanzoup.com/ijbJI2br08kj">【天涯神贴】其他神贴-【经济专栏】赚未来十年的钱【已出版】.pdf</a>,天涯神贴,2024-05-16,786,限免0积分
<a target="_blank" rel="noopener" href="https://bitcoin168.lanzoup.com/iAfwm2br04mh">【天涯神贴】其他神贴-感谢小月月这样一个极品的朋友，给我带来了一个这样悲情的国庆-_.pdf</a>,天涯神贴,2024-05-15,467,限免0积分
<a target="_blank" rel="noopener" href="https://bitcoin168.lanzoup.com/iEord2br047c">【天涯神贴】其他神贴-跟随城市发展的轨迹，寻找房价上升的规律——总结我的地产投资理念-蛮族勇士.pdf</a>,天涯神贴,2024-05-14,138,限免0积分
<a target="_blank" rel="noopener" href="hhttps://bitcoin168.lanzoup.com/imMkB2br1u3a">【天涯神贴】其他神贴-寒门难再出贵子.pdf</a>,天涯神贴,2024-07-04,755,限免0积分
<a target="_blank" rel="noopener" href="https://bitcoin168.lanzoup.com/i1ADJ2br1uvi">【天涯神贴】其他神贴-开悟其实很简单 — 人人都可以轻轻-松松开悟.pdf</a>,天涯神贴,2024-06-14,444,限免0积分
<a target="_blank" rel="noopener" href="https://bitcoin168.lanzoup.com/ie9zH2br0asj">【天涯神贴】其他神贴-客房——大三租房靈異經歷.pdf</a>,天涯神贴,2024-05-22,125,限免0积分
<a target="_blank" rel="noopener" href="hhttps://bitcoin168.lanzoup.com/ioZZd2br07kd">【天涯神贴】其他神贴-来经济论坛一看，这里怎么又被房多们占领了-七剑战歌之风月.pdf</a>,天涯神贴,2024-03-14,742,限免0积分
<a target="_blank" rel="noopener" href="https://bitcoin168.lanzoup.com/iJDmD2br1vve">【天涯神贴】其他神贴-老黄第六季-证券市场与公司研究-黄汉升1.pdf</a>,天涯神贴,2024-08-06,423,限免0积分
<a target="_blank" rel="noopener" href="hhttps://bitcoin168.lanzoup.com/iQBfK2br0dod">【天涯神贴】其他神贴-两个局外人的对谈录.pdf</a>,天涯神贴,2024-05-27,104,限免0积分
<a target="_blank" rel="noopener" href="https://bitcoin168.lanzoup.com/ih7nQ2br0dba">【天涯神贴】其他神贴-七年了，我还是很想你.pdf</a>,天涯神贴,2024-07-21,694,限免0积分
<a target="_blank" rel="noopener" href="https://bitcoin168.lanzoup.com/iif8n2br1x2h">【天涯神贴】其他神贴-山大大图集-更新至20220907.pdf</a>,天涯神贴,2024-05-31,365,限免0积分
<a target="_blank" rel="noopener" href="https://bitcoin168.lanzoup.com/iS5Gx2br0bpc">【天涯神贴】其他神贴-山医卜命相！五术杂谈！-四书五经.pdf</a>,天涯神贴,2024-09-28,982,限免0积分
<a target="_blank" rel="noopener" href="https://bitcoin168.lanzoup.com/iSE3O2br0dwb">【天涯神贴】其他神贴-说说石油下跌的事-kulese.pdf</a>,天涯神贴,2024-08-15,654,限免0积分
<a target="_blank" rel="noopener" href="https://bitcoin168.lanzoup.com/inMBd2br098d">【天涯神贴】其他神贴-他手机里有爱人，有秘密，有感情.pdf</a>,天涯神贴,2024-06-09,325,限免0积分
<a target="_blank" rel="noopener" href="https://bitcoin168.lanzoup.com/iX0bV2br1zda">【天涯神贴】其他神贴-天涯帖 我只是一个杀手仅此而已.pdf</a>,天涯神贴,2024-08-31,942,限免0积分
<a target="_blank" rel="noopener" href="https://bitcoin168.lanzoup.com/irXlz2br229e">【天涯神贴】其他神贴-网管</a>,天涯神贴,2024-08-06,623,限免0积分
<a target="_blank" rel="noopener" href="https://bitcoin168.lanzoup.com/iNb7t2br090f">【天涯神贴】其他神贴-危机十年轮回，新一轮危机悄悄来临-gz111678.pdf</a>,天涯神贴,2024-04-12,295,限免0积分
<a target="_blank" rel="noopener" href="hhttps://bitcoin168.lanzoup.com/iUNC72br1tof">【天涯神贴】其他神贴-我当道士那些年.pdf</a>,天涯神贴,2024-03-23,912,限免0积分
<a target="_blank" rel="noopener" href="https://bitcoin168.lanzoup.com/iaKkJ2br21xc">【天涯神贴】其他神贴-闲来8一下自己幽暗的成长经历-风雪漫千山.pdf</a>,天涯神贴,2024-06-08,593,限免0积分
<a target="_blank" rel="noopener" href="https://bitcoin168.lanzoup.com/ifqbC2br21mb">【天涯神贴】其他神贴-小砚MM走川藏第二季：以梦为马，无所不能达——家酿千坛好酒，等你凭借梦想认领_连载__张小砚.pdf</a>,天涯神贴,2024-05-01,274,限免0积分
<a target="_blank" rel="noopener" href="https://bitcoin168.lanzouk.com/iqAhM27d8jpa">干货！小众副业车牌钥匙扣定制，轻轻松松日入1000.pdf</a>,副业,2024-05-22,891,限免0积分
<a target="_blank" rel="noopener" href="https://bitcoin168.lanzouk.com/idkjk27d8jni">(干货)老项目新玩法，聊聊天每天搞个三五百.pdf</a>,副业,2024-08-13,580,限免0积分
<a target="_blank" rel="noopener" href="https://bitcoin168.lanzouk.com/i4Ovd27d8jkf">(干货)代办营业执照项目，暴利信息差，每单利润100-300.pdf</a>,副业,2024-06-27,261,限免0积分
<a target="_blank" rel="noopener" href="https://bitcoin168.lanzouk.com/idEdG27d8jid">(干货)把做饭拍成视频就能赚钱，在家就能操作的项目.pdf</a>,副业,2024-07-16,860,限免0积分
<a target="_blank" rel="noopener" href="https://bitcoin168.lanzouk.com/iZEf827d8jej">揭秘：抖音能卖虚拟商品吗？怎么卖？抖音虚拟教辅资料0成本变现.pdf</a>,副业,2024-04-26,549,限免0积分
<a target="_blank" rel="noopener" href="https://bitcoin168.lanzouk.com/ilHMH27d8jch">(干货)抖音助眠虚拟卖货思路，纯刚需赚钱项目玩法，拆解.pdf</a>,副业,2024-04-10,230,限免0积分
<a target="_blank" rel="noopener" href="https://bitcoin168.lanzouk.com/iVhWi27d8j7c">(干货)小红书水果赛道副业项目思路，小白都可以轻松日入500+，只要一台手机即可.pdf</a>,副业,2024-10-01,847,限免0积分
<a target="_blank" rel="noopener" href="https://bitcoin168.lanzouk.com/iJZ2h27d8j5a">(干货)可批量复制的小说无本生意新玩法，手把手教你打造被动收入管道.pdf</a>,副业,2024-06-06,528,限免0积分
<a target="_blank" rel="noopener" href="https://bitcoin168.lanzouk.com/i7auv27d8j2h">(干货)“小红书种草、闲鱼店开花”——我用这个方法选品闲鱼单账号月入10000.pdf</a>,副业,2024-08-26,209,限免0积分
<a target="_blank" rel="noopener" href="https://bitcoin168.lanzouk.com/iHgIX27d3m1e">罗振宇2023“时间的朋友”跨年演讲全文稿.pdf</a>,励志,2024-09-28,817,限免0积分
<a target="_blank" rel="noopener" href="https://bitcoin168.lanzouk.com/iFVpK27d3l0h">韭菜的自我修养 李笑来.pdf</a>,交易,2024-08-27,498,限免0积分
<a target="_blank" rel="noopener" href="https://bitcoin168.lanzouk.com/iGA9Y27d3lfc">任正非讲稿400篇800页.pdf</a>,励志,2024-07-09,179,限免0积分
<a target="_blank" rel="noopener" href="https://bitcoin168.lanzouk.com/ihKQf27d3jlg">憨巴龙王的微博备份_20230901103950.pdf</a>,交易,2024-09-28,786,限免0积分
<a target="_blank" rel="noopener" href="https://bitcoin168.lanzouk.com/itbxh27d3j8d">李笑来：我的读书经验.pdf</a>,交易,2024-09-12,467,限免0积分
<a target="_blank" rel="noopener" href="https://bitcoin168.lanzouk.com/iW05B27d3inc">段永平投资问答录(商业逻辑篇).pdf</a>,投资,2024-06-09,148,限免0积分
<a target="_blank" rel="noopener" href="https://bitcoin168.lanzouk.com/inhBf27d3ied">任正非：星光不问赶路人，岁月不负有心人.pdf</a>,励志,2024-09-09,773,限免0积分
<a target="_blank" rel="noopener" href="https://bitcoin168.lanzoup.com/iISqp2br2fng">【天涯神贴】198-把握经济大势和个人财运必须读懂钱.pdf</a>,天涯神贴,2024-07-08,454,限免0积分
<a target="_blank" rel="noopener" href="https://bitcoin168.lanzoup.com/ijqSS2br2fib">【天涯神贴】199-面对可能要到来的可怕滞涨，我们该怎么办？.pdf</a>,天涯神贴,2024-06-20,135,限免0积分
<a target="_blank" rel="noopener" href="https://bitcoin168.lanzoup.com/ix5Vt2br2fdg">【天涯神贴】201-西方社会心态变化</a>,天涯神贴,2024-09-11,752,限免0积分
<a target="_blank" rel="noopener" href="https://bitcoin168.lanzoup.com/iAkxp2br2f5i">【天涯神贴】202-生死百家乐，拔一拔澳门赌徒的奇葩人生.pdf</a>,天涯神贴,2024-08-28,434,限免0积分
<a target="_blank" rel="noopener" href="https://bitcoin168.lanzoup.com/iQAgU2br2dcd">【天涯神贴】203-久违-七剑战歌之风月</a>,天涯神贴,2024-05-02,87,限免0积分
<a target="_blank" rel="noopener" href="https://bitcoin168.lanzoup.com/iyvea2br2cfa">【天涯神贴】204-《伏羲密码》解开华夏始祖遗留的上古谜团：我们从哪来，要到哪里去…….pdf</a>,天涯神贴,2024-03-16,712,限免0积分
<a target="_blank" rel="noopener" href="https://bitcoin168.lanzoup.com/iyAZN2br2bsh">【天涯神贴】205-市场心理研究----贪嗔痴慢疑的那些事儿，顺便分析分析当前市场.pdf</a>,天涯神贴,2024-07-02,393,限免0积分
<a target="_blank" rel="noopener" href="https://bitcoin168.lanzoup.com/imTEV2br2ara">【天涯神贴】206-青囊尸衣2《鬼壶》—鲁班尺</a>,天涯神贴,2024-07-16,74,限免0积分
<a target="_blank" rel="noopener" href="https://bitcoin168.lanzoup.com/ibWsG2br29if">【天涯神贴】207-青囊尸衣3《残眼》——鲁班尺.pdf</a>,天涯神贴,2024-06-20,691,限免0积分
<a target="_blank" rel="noopener" href="https://bitcoin168.lanzoup.com/iV4wa2br1t4f">【天涯神贴】其他神贴-写在脸上的风水1-禅海商道.pdf</a>,天涯神贴,2024-08-27,372,限免0积分
<a target="_blank" rel="noopener" href="https://bitcoin168.lanzoup.com/icIbv2br1rnc">【天涯神贴】其他神贴-写在脸上的风水2-禅海商道.pdf</a>,天涯神贴,2024-07-14,980,限免0积分
<a target="_blank" rel="noopener" href="https://bitcoin168.lanzoup.com/iT6rj2br04wh">【天涯神贴】其他神贴-一个潜水多年的体制内的生意人来实际谈谈老百姓该怎么办？.pdf</a>,天涯神贴,2024-09-17,661,限免0积分
<a target="_blank" rel="noopener" href="https://bitcoin168.lanzoup.com/ivNpW2br0d9i">【天涯神贴】其他神贴-永不消逝的电磁波三部曲 卡宾达的灯塔.pdf</a>,天涯神贴,2024-04-15,342,限免0积分
<a target="_blank" rel="noopener" href="https://bitcoin168.lanzoup.com/iUbnp2br0cpi">【天涯神贴】其他神贴-永不消逝的电磁波三部曲 马里亚纳玄燕.pdf</a>,天涯神贴,2024-04-19,967,限免0积分
<a target="_blank" rel="noopener" href="https://bitcoin168.lanzoup.com/i0mzq2br0c6j">【天涯神贴】其他神贴-永不消逝的电磁波三部曲 美索不达米亚.pdf</a>,天涯神贴,2024-09-12,648,限免0积分
<a target="_blank" rel="noopener" href="https://bitcoin168.lanzoup.com/iUSY62br1yzg">【天涯神贴】其他神贴-长岛的雪</a>,天涯神贴,2024-09-25,137,限免0积分
<a target="_blank" rel="noopener" href="https://bitcoin168.lanzoup.com/iNEwW2br1s5a">【天涯神贴】其他神贴-中国是部金融史1.pdf</a>,天涯神贴,2024-04-17,518,限免0积分
<a target="_blank" rel="noopener" href="https://bitcoin168.lanzoup.com/iQRFl2br1qjc">【天涯神贴】其他神贴-中国是部金融史2.pdf</a>,天涯神贴,2024-05-14,851,限免0积分
